"No.,""Time"",""Source"",""Destination"",""Protocol"",""Length"",""Info"""
"1,""0.000000"",""152.199.19.161"",""192.168.8.186"",""TCP"",""60"",""443  >  62433 [ACK] Seq=1 Ack=1 Win=133 Len=0"""
"2,""0.000028"",""192.168.8.186"",""152.199.19.161"",""TCP"",""54"",""[TCP ACKed unseen segment] 62433  >  443 [ACK] Seq=1 Ack=2 Win=1025 Len=0"""
"3,""0.103991"",""fe80::b273:9cff:fe8a:1961"",""ff02::16"",""ICMPv6"",""90"",""Multicast Listener Report Message v2"""
"4,""0.559054"",""HuaweiDe_56:76:d6"",""Spanning-tree-(for-bridges)_00"",""STP"",""60"",""Conf. Root = 36864/0/00:94:ec:56:76:d6  Cost = 0  Port = 0x8003"""
"5,""0.590727"",""192.168.8.114"",""224.0.0.251"",""MDNS"",""193"",""Standard query 0x0000 ANY Android-2.local, """"QM"""" question ANY Android-2.local, """"QM"""" question ANY Android-2.local, """"QM"""" question ANY Android-2.local, """"QM"""" question A 192.168.8.114 AAAA fdc2:ef22:397b:9900:b273:9cff:fe8a:1961 AAAA fe80::b273:9cff:fe8a:1961 AAAA fdc2:ef22:397b:9900:97c:d08d:d6cb:28a3"""
"6,""0.591207"",""fe80::b273:9cff:fe8a:1961"",""ff02::fb"",""MDNS"",""213"",""Standard query 0x0000 ANY Android-2.local, """"QM"""" question ANY Android-2.local, """"QM"""" question ANY Android-2.local, """"QM"""" question ANY Android-2.local, """"QM"""" question A 192.168.8.114 AAAA fdc2:ef22:397b:9900:b273:9cff:fe8a:1961 AAAA fe80::b273:9cff:fe8a:1961 AAAA fdc2:ef22:397b:9900:97c:d08d:d6cb:28a3"""
"7,""0.812366"",""fe80::b273:9cff:fe8a:1961"",""ff02::16"",""ICMPv6"",""90"",""Multicast Listener Report Message v2"""
"8,""0.883347"",""192.168.8.114"",""224.0.0.251"",""MDNS"",""193"",""Standard query 0x0000 ANY Android-2.local, """"QM"""" question ANY Android-2.local, """"QM"""" question ANY Android-2.local, """"QM"""" question ANY Android-2.local, """"QM"""" question A 192.168.8.114 AAAA fdc2:ef22:397b:9900:b273:9cff:fe8a:1961 AAAA fe80::b273:9cff:fe8a:1961 AAAA fdc2:ef22:397b:9900:97c:d08d:d6cb:28a3"""
"9,""0.883713"",""fe80::b273:9cff:fe8a:1961"",""ff02::fb"",""MDNS"",""213"",""Standard query 0x0000 ANY Android-2.local, """"QM"""" question ANY Android-2.local, """"QM"""" question ANY Android-2.local, """"QM"""" question ANY Android-2.local, """"QM"""" question A 192.168.8.114 AAAA fdc2:ef22:397b:9900:b273:9cff:fe8a:1961 AAAA fe80::b273:9cff:fe8a:1961 AAAA fdc2:ef22:397b:9900:97c:d08d:d6cb:28a3"""
"10,""1.146855"",""192.168.8.114"",""224.0.0.251"",""MDNS"",""193"",""Standard query 0x0000 ANY Android-2.local, """"QM"""" question ANY Android-2.local, """"QM"""" question ANY Android-2.local, """"QM"""" question ANY Android-2.local, """"QM"""" question A 192.168.8.114 AAAA fdc2:ef22:397b:9900:b273:9cff:fe8a:1961 AAAA fe80::b273:9cff:fe8a:1961 AAAA fdc2:ef22:397b:9900:97c:d08d:d6cb:28a3"""
"11,""1.147332"",""fe80::b273:9cff:fe8a:1961"",""ff02::fb"",""MDNS"",""213"",""Standard query 0x0000 ANY Android-2.local, """"QM"""" question ANY Android-2.local, """"QM"""" question ANY Android-2.local, """"QM"""" question ANY Android-2.local, """"QM"""" question A 192.168.8.114 AAAA fdc2:ef22:397b:9900:b273:9cff:fe8a:1961 AAAA fe80::b273:9cff:fe8a:1961 AAAA fdc2:ef22:397b:9900:97c:d08d:d6cb:28a3"""
"12,""1.407237"",""192.168.8.114"",""224.0.0.251"",""MDNS"",""505"",""Standard query response 0x0000 PTR, cache flush Android-2.local PTR, cache flush Android-2.local PTR, cache flush Android-2.local PTR, cache flush Android-2.local A, cache flush 192.168.8.114 AAAA, cache flush fdc2:ef22:397b:9900:b273:9cff:fe8a:1961 AAAA, cache flush fe80::b273:9cff:fe8a:1961 AAAA, cache flush fdc2:ef22:397b:9900:97c:d08d:d6cb:28a3 NSEC, cache flush 114.8.168.192.in-addr.arpa NSEC, cache flush 1.6.9.1.A.8.E.F.F.F.C.9.3.7.2.B.0.0.9.9.B.7.9.3.2.2.F.E.2.C.D.F.ip6.arpa NSEC, cache flush 1.6.9.1.A.8.E.F.F.F.C.9.3.7.2.B.0.0.0.0.0.0.0.0.0.0.0.0.0.8.E.F.ip6.arpa NSEC, cache flush 3.A.8.2.B.C.6.D.D.8.0.D.C.7.9.0.0.0.9.9.B.7.9.3.2.2.F.E.2.C.D.F.ip6.arpa NSEC, cache flush Android-2.local"""
"13,""1.408358"",""fe80::b273:9cff:fe8a:1961"",""ff02::fb"",""MDNS"",""525"",""Standard query response 0x0000 PTR, cache flush Android-2.local PTR, cache flush Android-2.local PTR, cache flush Android-2.local PTR, cache flush Android-2.local A, cache flush 192.168.8.114 AAAA, cache flush fdc2:ef22:397b:9900:b273:9cff:fe8a:1961 AAAA, cache flush fe80::b273:9cff:fe8a:1961 AAAA, cache flush fdc2:ef22:397b:9900:97c:d08d:d6cb:28a3 NSEC, cache flush 114.8.168.192.in-addr.arpa NSEC, cache flush 1.6.9.1.A.8.E.F.F.F.C.9.3.7.2.B.0.0.9.9.B.7.9.3.2.2.F.E.2.C.D.F.ip6.arpa NSEC, cache flush 1.6.9.1.A.8.E.F.F.F.C.9.3.7.2.B.0.0.0.0.0.0.0.0.0.0.0.0.0.8.E.F.ip6.arpa NSEC, cache flush 3.A.8.2.B.C.6.D.D.8.0.D.C.7.9.0.0.0.9.9.B.7.9.3.2.2.F.E.2.C.D.F.ip6.arpa NSEC, cache flush Android-2.local"""
"14,""2.340086"",""192.168.8.116"",""255.255.255.255"",""UDP"",""214"",""49153  >  6667 Len=172"""
"15,""2.388839"",""192.168.8.114"",""224.0.0.251"",""MDNS"",""505"",""Standard query response 0x0000 PTR, cache flush Android-2.local PTR, cache flush Android-2.local PTR, cache flush Android-2.local PTR, cache flush Android-2.local A, cache flush 192.168.8.114 AAAA, cache flush fdc2:ef22:397b:9900:b273:9cff:fe8a:1961 AAAA, cache flush fe80::b273:9cff:fe8a:1961 AAAA, cache flush fdc2:ef22:397b:9900:97c:d08d:d6cb:28a3 NSEC, cache flush 114.8.168.192.in-addr.arpa NSEC, cache flush 1.6.9.1.A.8.E.F.F.F.C.9.3.7.2.B.0.0.9.9.B.7.9.3.2.2.F.E.2.C.D.F.ip6.arpa NSEC, cache flush 1.6.9.1.A.8.E.F.F.F.C.9.3.7.2.B.0.0.0.0.0.0.0.0.0.0.0.0.0.8.E.F.ip6.arpa NSEC, cache flush 3.A.8.2.B.C.6.D.D.8.0.D.C.7.9.0.0.0.9.9.B.7.9.3.2.2.F.E.2.C.D.F.ip6.arpa NSEC, cache flush Android-2.local"""
"16,""2.389727"",""fe80::b273:9cff:fe8a:1961"",""ff02::fb"",""MDNS"",""525"",""Standard query response 0x0000 PTR, cache flush Android-2.local PTR, cache flush Android-2.local PTR, cache flush Android-2.local PTR, cache flush Android-2.local A, cache flush 192.168.8.114 AAAA, cache flush fdc2:ef22:397b:9900:b273:9cff:fe8a:1961 AAAA, cache flush fe80::b273:9cff:fe8a:1961 AAAA, cache flush fdc2:ef22:397b:9900:97c:d08d:d6cb:28a3 NSEC, cache flush 114.8.168.192.in-addr.arpa NSEC, cache flush 1.6.9.1.A.8.E.F.F.F.C.9.3.7.2.B.0.0.9.9.B.7.9.3.2.2.F.E.2.C.D.F.ip6.arpa NSEC, cache flush 1.6.9.1.A.8.E.F.F.F.C.9.3.7.2.B.0.0.0.0.0.0.0.0.0.0.0.0.0.8.E.F.ip6.arpa NSEC, cache flush 3.A.8.2.B.C.6.D.D.8.0.D.C.7.9.0.0.0.9.9.B.7.9.3.2.2.F.E.2.C.D.F.ip6.arpa NSEC, cache flush Android-2.local"""
"17,""2.559039"",""HuaweiDe_56:76:d6"",""Spanning-tree-(for-bridges)_00"",""STP"",""60"",""Conf. Root = 36864/0/00:94:ec:56:76:d6  Cost = 0  Port = 0x8003"""
"18,""3.333701"",""93.184.220.29"",""192.168.8.186"",""TCP"",""60"",""80  >  62446 [ACK] Seq=1 Ack=1 Win=131 Len=0"""
"19,""3.333728"",""192.168.8.186"",""93.184.220.29"",""TCP"",""54"",""[TCP ACKed unseen segment] 62446  >  80 [ACK] Seq=1 Ack=2 Win=1023 Len=0"""
"20,""3.826354"",""192.168.8.186"",""192.168.8.155"",""TCP"",""164"",""61703  >  8009 [PSH, ACK] Seq=1 Ack=1 Win=1025 Len=110 [TCP segment of a reassembled PDU]"""
"21,""3.826359"",""192.168.8.186"",""192.168.8.155"",""TCP"",""164"",""61704  >  8009 [PSH, ACK] Seq=1 Ack=1 Win=1025 Len=110 [TCP segment of a reassembled PDU]"""
"22,""3.832636"",""192.168.8.155"",""192.168.8.186"",""TCP"",""60"",""8009  >  61704 [ACK] Seq=1 Ack=111 Win=4095 Len=0"""
"23,""3.832845"",""192.168.8.155"",""192.168.8.186"",""TCP"",""60"",""8009  >  61703 [ACK] Seq=1 Ack=111 Win=4095 Len=0"""
"24,""3.834284"",""192.168.8.155"",""192.168.8.186"",""TCP"",""164"",""8009  >  61704 [PSH, ACK] Seq=1 Ack=111 Win=4096 Len=110 [TCP segment of a reassembled PDU]"""
"25,""3.834475"",""192.168.8.155"",""192.168.8.186"",""TCP"",""164"",""8009  >  61703 [PSH, ACK] Seq=1 Ack=111 Win=4096 Len=110 [TCP segment of a reassembled PDU]"""
"26,""3.887829"",""192.168.8.186"",""192.168.8.155"",""TCP"",""54"",""61704  >  8009 [ACK] Seq=111 Ack=111 Win=1025 Len=0"""
"27,""3.887836"",""192.168.8.186"",""192.168.8.155"",""TCP"",""54"",""61703  >  8009 [ACK] Seq=111 Ack=111 Win=1025 Len=0"""
"28,""4.408473"",""192.168.8.114"",""224.0.0.251"",""MDNS"",""505"",""Standard query response 0x0000 PTR, cache flush Android-2.local PTR, cache flush Android-2.local PTR, cache flush Android-2.local PTR, cache flush Android-2.local A, cache flush 192.168.8.114 AAAA, cache flush fdc2:ef22:397b:9900:b273:9cff:fe8a:1961 AAAA, cache flush fe80::b273:9cff:fe8a:1961 AAAA, cache flush fdc2:ef22:397b:9900:97c:d08d:d6cb:28a3 NSEC, cache flush 114.8.168.192.in-addr.arpa NSEC, cache flush 1.6.9.1.A.8.E.F.F.F.C.9.3.7.2.B.0.0.9.9.B.7.9.3.2.2.F.E.2.C.D.F.ip6.arpa NSEC, cache flush 1.6.9.1.A.8.E.F.F.F.C.9.3.7.2.B.0.0.0.0.0.0.0.0.0.0.0.0.0.8.E.F.ip6.arpa NSEC, cache flush 3.A.8.2.B.C.6.D.D.8.0.D.C.7.9.0.0.0.9.9.B.7.9.3.2.2.F.E.2.C.D.F.ip6.arpa NSEC, cache flush Android-2.local"""
"29,""4.409333"",""fe80::b273:9cff:fe8a:1961"",""ff02::fb"",""MDNS"",""525"",""Standard query response 0x0000 PTR, cache flush Android-2.local PTR, cache flush Android-2.local PTR, cache flush Android-2.local PTR, cache flush Android-2.local A, cache flush 192.168.8.114 AAAA, cache flush fdc2:ef22:397b:9900:b273:9cff:fe8a:1961 AAAA, cache flush fe80::b273:9cff:fe8a:1961 AAAA, cache flush fdc2:ef22:397b:9900:97c:d08d:d6cb:28a3 NSEC, cache flush 114.8.168.192.in-addr.arpa NSEC, cache flush 1.6.9.1.A.8.E.F.F.F.C.9.3.7.2.B.0.0.9.9.B.7.9.3.2.2.F.E.2.C.D.F.ip6.arpa NSEC, cache flush 1.6.9.1.A.8.E.F.F.F.C.9.3.7.2.B.0.0.0.0.0.0.0.0.0.0.0.0.0.8.E.F.ip6.arpa NSEC, cache flush 3.A.8.2.B.C.6.D.D.8.0.D.C.7.9.0.0.0.9.9.B.7.9.3.2.2.F.E.2.C.D.F.ip6.arpa NSEC, cache flush Android-2.local"""
"30,""4.559032"",""HuaweiDe_56:76:d6"",""Spanning-tree-(for-bridges)_00"",""STP"",""60"",""Conf. Root = 36864/0/00:94:ec:56:76:d6  Cost = 0  Port = 0x8003"""
"31,""5.006454"",""192.168.8.104"",""255.255.255.255"",""UDP"",""214"",""61842  >  6667 Len=172"""
"32,""5.372028"",""192.168.8.186"",""204.79.197.239"",""TCP"",""55"",""62454  >  443 [ACK] Seq=1 Ack=1 Win=1022 Len=1 [TCP segment of a reassembled PDU]"""
"33,""5.664862"",""204.79.197.239"",""192.168.8.186"",""TCP"",""66"",""443  >  62454 [ACK] Seq=1 Ack=2 Win=16386 Len=0 SLE=1 SRE=2"""
"34,""6.159399"",""192.168.8.186"",""204.79.197.239"",""TCP"",""55"",""62455  >  443 [ACK] Seq=1 Ack=1 Win=1025 Len=1 [TCP segment of a reassembled PDU]"""
"35,""6.468002"",""204.79.197.239"",""192.168.8.186"",""TCP"",""66"",""443  >  62455 [ACK] Seq=1 Ack=2 Win=16388 Len=0 SLE=1 SRE=2"""
"36,""6.559018"",""HuaweiDe_56:76:d6"",""Spanning-tree-(for-bridges)_00"",""STP"",""60"",""Conf. Root = 36864/0/00:94:ec:56:76:d6  Cost = 0  Port = 0x8003"""
"37,""7.339951"",""192.168.8.116"",""255.255.255.255"",""UDP"",""214"",""49153  >  6667 Len=172"""
"38,""7.698506"",""192.168.8.186"",""152.199.19.161"",""TCP"",""54"",""62417  >  443 [FIN, ACK] Seq=1 Ack=1 Win=1025 Len=0"""
"39,""7.967269"",""152.199.19.161"",""192.168.8.186"",""TCP"",""60"",""443  >  62417 [FIN, ACK] Seq=1 Ack=2 Win=133 Len=0"""
"40,""7.967304"",""192.168.8.186"",""152.199.19.161"",""TCP"",""54"",""62417  >  443 [ACK] Seq=2 Ack=2 Win=1025 Len=0"""
"41,""7.999922"",""192.168.8.186"",""20.189.173.7"",""TLSv1.2"",""512"",""Application Data"""
"42,""7.999943"",""192.168.8.186"",""20.189.173.7"",""TCP"",""1394"",""62368  >  443 [ACK] Seq=459 Ack=1 Win=1020 Len=1340 [TCP segment of a reassembled PDU]"""
"43,""7.999943"",""192.168.8.186"",""20.189.173.7"",""TCP"",""1394"",""62368  >  443 [ACK] Seq=1799 Ack=1 Win=1020 Len=1340 [TCP segment of a reassembled PDU]"""
"44,""7.999943"",""192.168.8.186"",""20.189.173.7"",""TLSv1.2"",""1108"",""Application Data"""
"45,""8.347819"",""192.168.8.114"",""224.0.0.251"",""MDNS"",""505"",""Standard query response 0x0000 PTR, cache flush Android-2.local PTR, cache flush Android-2.local PTR, cache flush Android-2.local PTR, cache flush Android-2.local A, cache flush 192.168.8.114 AAAA, cache flush fdc2:ef22:397b:9900:b273:9cff:fe8a:1961 AAAA, cache flush fe80::b273:9cff:fe8a:1961 AAAA, cache flush fdc2:ef22:397b:9900:97c:d08d:d6cb:28a3 NSEC, cache flush 114.8.168.192.in-addr.arpa NSEC, cache flush 1.6.9.1.A.8.E.F.F.F.C.9.3.7.2.B.0.0.9.9.B.7.9.3.2.2.F.E.2.C.D.F.ip6.arpa NSEC, cache flush 1.6.9.1.A.8.E.F.F.F.C.9.3.7.2.B.0.0.0.0.0.0.0.0.0.0.0.0.0.8.E.F.ip6.arpa NSEC, cache flush 3.A.8.2.B.C.6.D.D.8.0.D.C.7.9.0.0.0.9.9.B.7.9.3.2.2.F.E.2.C.D.F.ip6.arpa NSEC, cache flush Android-2.local"""
"46,""8.348789"",""fe80::b273:9cff:fe8a:1961"",""ff02::fb"",""MDNS"",""525"",""Standard query response 0x0000 PTR, cache flush Android-2.local PTR, cache flush Android-2.local PTR, cache flush Android-2.local PTR, cache flush Android-2.local A, cache flush 192.168.8.114 AAAA, cache flush fdc2:ef22:397b:9900:b273:9cff:fe8a:1961 AAAA, cache flush fe80::b273:9cff:fe8a:1961 AAAA, cache flush fdc2:ef22:397b:9900:97c:d08d:d6cb:28a3 NSEC, cache flush 114.8.168.192.in-addr.arpa NSEC, cache flush 1.6.9.1.A.8.E.F.F.F.C.9.3.7.2.B.0.0.9.9.B.7.9.3.2.2.F.E.2.C.D.F.ip6.arpa NSEC, cache flush 1.6.9.1.A.8.E.F.F.F.C.9.3.7.2.B.0.0.0.0.0.0.0.0.0.0.0.0.0.8.E.F.ip6.arpa NSEC, cache flush 3.A.8.2.B.C.6.D.D.8.0.D.C.7.9.0.0.0.9.9.B.7.9.3.2.2.F.E.2.C.D.F.ip6.arpa NSEC, cache flush Android-2.local"""
"47,""8.429435"",""20.189.173.7"",""192.168.8.186"",""TLSv1.2"",""108"",""Application Data"""
"48,""8.429466"",""192.168.8.186"",""20.189.173.7"",""TCP"",""54"",""62368  >  443 [ACK] Seq=4193 Ack=55 Win=1019 Len=0"""
"49,""8.429665"",""20.189.173.7"",""192.168.8.186"",""TCP"",""60"",""443  >  62368 [ACK] Seq=55 Ack=1799 Win=2051 Len=0"""
"50,""8.429665"",""20.189.173.7"",""192.168.8.186"",""TCP"",""60"",""443  >  62368 [ACK] Seq=55 Ack=3139 Win=2051 Len=0"""
"51,""8.429665"",""20.189.173.7"",""192.168.8.186"",""TLSv1.2"",""508"",""Application Data"""
"52,""8.429676"",""192.168.8.186"",""20.189.173.7"",""TCP"",""54"",""62368  >  443 [ACK] Seq=4193 Ack=509 Win=1024 Len=0"""
"53,""8.559083"",""HuaweiDe_56:76:d6"",""Spanning-tree-(for-bridges)_00"",""STP"",""60"",""Conf. Root = 36864/0/00:94:ec:56:76:d6  Cost = 0  Port = 0x8003"""
"54,""8.839567"",""192.168.8.186"",""192.168.8.155"",""TCP"",""164"",""61703  >  8009 [PSH, ACK] Seq=111 Ack=111 Win=1025 Len=110 [TCP segment of a reassembled PDU]"""
"55,""8.839591"",""192.168.8.186"",""192.168.8.155"",""TCP"",""164"",""61704  >  8009 [PSH, ACK] Seq=111 Ack=111 Win=1025 Len=110 [TCP segment of a reassembled PDU]"""
"56,""8.848648"",""192.168.8.155"",""192.168.8.186"",""TCP"",""60"",""8009  >  61704 [ACK] Seq=111 Ack=221 Win=4095 Len=0"""
"57,""8.848852"",""192.168.8.155"",""192.168.8.186"",""TCP"",""60"",""8009  >  61703 [ACK] Seq=111 Ack=221 Win=4095 Len=0"""
"58,""8.849193"",""192.168.8.155"",""192.168.8.186"",""TCP"",""164"",""8009  >  61704 [PSH, ACK] Seq=111 Ack=221 Win=4096 Len=110 [TCP segment of a reassembled PDU]"""
"59,""8.849384"",""192.168.8.155"",""192.168.8.186"",""TCP"",""164"",""8009  >  61703 [PSH, ACK] Seq=111 Ack=221 Win=4096 Len=110 [TCP segment of a reassembled PDU]"""
"60,""8.902433"",""192.168.8.186"",""192.168.8.155"",""TCP"",""54"",""61703  >  8009 [ACK] Seq=221 Ack=221 Win=1025 Len=0"""
"61,""8.902434"",""192.168.8.186"",""192.168.8.155"",""TCP"",""54"",""61704  >  8009 [ACK] Seq=221 Ack=221 Win=1025 Len=0"""
"62,""10.009955"",""192.168.8.104"",""255.255.255.255"",""UDP"",""214"",""61842  >  6667 Len=172"""
"63,""10.155293"",""fe80::b273:9cff:fe8a:1961"",""ff02::16"",""ICMPv6"",""90"",""Multicast Listener Report Message v2"""
"64,""10.559008"",""HuaweiDe_56:76:d6"",""Spanning-tree-(for-bridges)_00"",""STP"",""60"",""Conf. Root = 36864/0/00:94:ec:56:76:d6  Cost = 0  Port = 0x8003"""
"65,""10.605041"",""192.168.8.114"",""224.0.0.251"",""MDNS"",""193"",""Standard query 0x0000 ANY Android-2.local, """"QM"""" question ANY Android-2.local, """"QM"""" question ANY Android-2.local, """"QM"""" question ANY Android-2.local, """"QM"""" question A 192.168.8.114 AAAA fdc2:ef22:397b:9900:b273:9cff:fe8a:1961 AAAA fe80::b273:9cff:fe8a:1961 AAAA fdc2:ef22:397b:9900:97c:d08d:d6cb:28a3"""
"66,""10.605907"",""fe80::b273:9cff:fe8a:1961"",""ff02::fb"",""MDNS"",""213"",""Standard query 0x0000 ANY Android-2.local, """"QM"""" question ANY Android-2.local, """"QM"""" question ANY Android-2.local, """"QM"""" question ANY Android-2.local, """"QM"""" question A 192.168.8.114 AAAA fdc2:ef22:397b:9900:b273:9cff:fe8a:1961 AAAA fe80::b273:9cff:fe8a:1961 AAAA fdc2:ef22:397b:9900:97c:d08d:d6cb:28a3"""
"67,""10.747905"",""fe80::b273:9cff:fe8a:1961"",""ff02::16"",""ICMPv6"",""90"",""Multicast Listener Report Message v2"""
"68,""10.861424"",""192.168.8.114"",""224.0.0.251"",""MDNS"",""193"",""Standard query 0x0000 ANY Android-2.local, """"QM"""" question ANY Android-2.local, """"QM"""" question ANY Android-2.local, """"QM"""" question ANY Android-2.local, """"QM"""" question A 192.168.8.114 AAAA fdc2:ef22:397b:9900:b273:9cff:fe8a:1961 AAAA fe80::b273:9cff:fe8a:1961 AAAA fdc2:ef22:397b:9900:97c:d08d:d6cb:28a3"""
"69,""11.101303"",""192.168.8.114"",""224.0.0.251"",""MDNS"",""193"",""Standard query 0x0000 ANY Android-2.local, """"QM"""" question ANY Android-2.local, """"QM"""" question ANY Android-2.local, """"QM"""" question ANY Android-2.local, """"QM"""" question A 192.168.8.114 AAAA fdc2:ef22:397b:9900:b273:9cff:fe8a:1961 AAAA fe80::b273:9cff:fe8a:1961 AAAA fdc2:ef22:397b:9900:97c:d08d:d6cb:28a3"""
"70,""11.104155"",""fe80::b273:9cff:fe8a:1961"",""ff02::fb"",""MDNS"",""213"",""Standard query 0x0000 ANY Android-2.local, """"QM"""" question ANY Android-2.local, """"QM"""" question ANY Android-2.local, """"QM"""" question ANY Android-2.local, """"QM"""" question A 192.168.8.114 AAAA fdc2:ef22:397b:9900:b273:9cff:fe8a:1961 AAAA fe80::b273:9cff:fe8a:1961 AAAA fdc2:ef22:397b:9900:97c:d08d:d6cb:28a3"""
"71,""11.392555"",""192.168.8.114"",""224.0.0.251"",""MDNS"",""505"",""Standard query response 0x0000 PTR, cache flush Android-2.local PTR, cache flush Android-2.local PTR, cache flush Android-2.local PTR, cache flush Android-2.local A, cache flush 192.168.8.114 AAAA, cache flush fdc2:ef22:397b:9900:b273:9cff:fe8a:1961 AAAA, cache flush fe80::b273:9cff:fe8a:1961 AAAA, cache flush fdc2:ef22:397b:9900:97c:d08d:d6cb:28a3 NSEC, cache flush 114.8.168.192.in-addr.arpa NSEC, cache flush 1.6.9.1.A.8.E.F.F.F.C.9.3.7.2.B.0.0.9.9.B.7.9.3.2.2.F.E.2.C.D.F.ip6.arpa NSEC, cache flush 1.6.9.1.A.8.E.F.F.F.C.9.3.7.2.B.0.0.0.0.0.0.0.0.0.0.0.0.0.8.E.F.ip6.arpa NSEC, cache flush 3.A.8.2.B.C.6.D.D.8.0.D.C.7.9.0.0.0.9.9.B.7.9.3.2.2.F.E.2.C.D.F.ip6.arpa NSEC, cache flush Android-2.local"""
"72,""11.393658"",""fe80::b273:9cff:fe8a:1961"",""ff02::fb"",""MDNS"",""525"",""Standard query response 0x0000 PTR, cache flush Android-2.local PTR, cache flush Android-2.local PTR, cache flush Android-2.local PTR, cache flush Android-2.local A, cache flush 192.168.8.114 AAAA, cache flush fdc2:ef22:397b:9900:b273:9cff:fe8a:1961 AAAA, cache flush fe80::b273:9cff:fe8a:1961 AAAA, cache flush fdc2:ef22:397b:9900:97c:d08d:d6cb:28a3 NSEC, cache flush 114.8.168.192.in-addr.arpa NSEC, cache flush 1.6.9.1.A.8.E.F.F.F.C.9.3.7.2.B.0.0.9.9.B.7.9.3.2.2.F.E.2.C.D.F.ip6.arpa NSEC, cache flush 1.6.9.1.A.8.E.F.F.F.C.9.3.7.2.B.0.0.0.0.0.0.0.0.0.0.0.0.0.8.E.F.ip6.arpa NSEC, cache flush 3.A.8.2.B.C.6.D.D.8.0.D.C.7.9.0.0.0.9.9.B.7.9.3.2.2.F.E.2.C.D.F.ip6.arpa NSEC, cache flush Android-2.local"""
"73,""12.342791"",""192.168.8.116"",""255.255.255.255"",""UDP"",""214"",""49153  >  6667 Len=172"""
"74,""12.404791"",""192.168.8.114"",""224.0.0.251"",""MDNS"",""505"",""Standard query response 0x0000 PTR, cache flush Android-2.local PTR, cache flush Android-2.local PTR, cache flush Android-2.local PTR, cache flush Android-2.local A, cache flush 192.168.8.114 AAAA, cache flush fdc2:ef22:397b:9900:b273:9cff:fe8a:1961 AAAA, cache flush fe80::b273:9cff:fe8a:1961 AAAA, cache flush fdc2:ef22:397b:9900:97c:d08d:d6cb:28a3 NSEC, cache flush 114.8.168.192.in-addr.arpa NSEC, cache flush 1.6.9.1.A.8.E.F.F.F.C.9.3.7.2.B.0.0.9.9.B.7.9.3.2.2.F.E.2.C.D.F.ip6.arpa NSEC, cache flush 1.6.9.1.A.8.E.F.F.F.C.9.3.7.2.B.0.0.0.0.0.0.0.0.0.0.0.0.0.8.E.F.ip6.arpa NSEC, cache flush 3.A.8.2.B.C.6.D.D.8.0.D.C.7.9.0.0.0.9.9.B.7.9.3.2.2.F.E.2.C.D.F.ip6.arpa NSEC, cache flush Android-2.local"""
"75,""12.405771"",""fe80::b273:9cff:fe8a:1961"",""ff02::fb"",""MDNS"",""525"",""Standard query response 0x0000 PTR, cache flush Android-2.local PTR, cache flush Android-2.local PTR, cache flush Android-2.local PTR, cache flush Android-2.local A, cache flush 192.168.8.114 AAAA, cache flush fdc2:ef22:397b:9900:b273:9cff:fe8a:1961 AAAA, cache flush fe80::b273:9cff:fe8a:1961 AAAA, cache flush fdc2:ef22:397b:9900:97c:d08d:d6cb:28a3 NSEC, cache flush 114.8.168.192.in-addr.arpa NSEC, cache flush 1.6.9.1.A.8.E.F.F.F.C.9.3.7.2.B.0.0.9.9.B.7.9.3.2.2.F.E.2.C.D.F.ip6.arpa NSEC, cache flush 1.6.9.1.A.8.E.F.F.F.C.9.3.7.2.B.0.0.0.0.0.0.0.0.0.0.0.0.0.8.E.F.ip6.arpa NSEC, cache flush 3.A.8.2.B.C.6.D.D.8.0.D.C.7.9.0.0.0.9.9.B.7.9.3.2.2.F.E.2.C.D.F.ip6.arpa NSEC, cache flush Android-2.local"""
"76,""12.483266"",""192.168.8.186"",""152.199.19.161"",""TCP"",""54"",""62433  >  443 [FIN, ACK] Seq=1 Ack=2 Win=1025 Len=0"""
"77,""12.558981"",""HuaweiDe_56:76:d6"",""Spanning-tree-(for-bridges)_00"",""STP"",""60"",""Conf. Root = 36864/0/00:94:ec:56:76:d6  Cost = 0  Port = 0x8003"""
"78,""12.912746"",""152.199.19.161"",""192.168.8.186"",""TCP"",""60"",""[TCP Previous segment not captured] 443  >  62433 [FIN, ACK] Seq=2 Ack=2 Win=133 Len=0"""
"79,""12.912780"",""192.168.8.186"",""152.199.19.161"",""TCP"",""54"",""[TCP ACKed unseen segment] 62433  >  443 [ACK] Seq=2 Ack=3 Win=1025 Len=0"""
"80,""13.859140"",""192.168.8.186"",""192.168.8.155"",""TCP"",""164"",""61703  >  8009 [PSH, ACK] Seq=221 Ack=221 Win=1025 Len=110 [TCP segment of a reassembled PDU]"""
"81,""13.859146"",""192.168.8.186"",""192.168.8.155"",""TCP"",""164"",""61704  >  8009 [PSH, ACK] Seq=221 Ack=221 Win=1025 Len=110 [TCP segment of a reassembled PDU]"""
"82,""13.863399"",""192.168.8.155"",""192.168.8.186"",""TCP"",""60"",""8009  >  61704 [ACK] Seq=221 Ack=331 Win=4095 Len=0"""
"83,""13.864562"",""192.168.8.155"",""192.168.8.186"",""TCP"",""60"",""8009  >  61703 [ACK] Seq=221 Ack=331 Win=4095 Len=0"""
"84,""13.864751"",""192.168.8.155"",""192.168.8.186"",""TCP"",""164"",""8009  >  61704 [PSH, ACK] Seq=221 Ack=331 Win=4096 Len=110 [TCP segment of a reassembled PDU]"""
"85,""13.870749"",""192.168.8.155"",""192.168.8.186"",""TCP"",""164"",""8009  >  61703 [PSH, ACK] Seq=221 Ack=331 Win=4096 Len=110 [TCP segment of a reassembled PDU]"""
"86,""13.906054"",""192.168.8.186"",""192.168.8.155"",""TCP"",""54"",""61704  >  8009 [ACK] Seq=331 Ack=331 Win=1024 Len=0"""
"87,""13.922065"",""192.168.8.186"",""192.168.8.155"",""TCP"",""54"",""61703  >  8009 [ACK] Seq=331 Ack=331 Win=1024 Len=0"""
"88,""14.409404"",""192.168.8.114"",""224.0.0.251"",""MDNS"",""505"",""Standard query response 0x0000 PTR, cache flush Android-2.local PTR, cache flush Android-2.local PTR, cache flush Android-2.local PTR, cache flush Android-2.local A, cache flush 192.168.8.114 AAAA, cache flush fdc2:ef22:397b:9900:b273:9cff:fe8a:1961 AAAA, cache flush fe80::b273:9cff:fe8a:1961 AAAA, cache flush fdc2:ef22:397b:9900:97c:d08d:d6cb:28a3 NSEC, cache flush 114.8.168.192.in-addr.arpa NSEC, cache flush 1.6.9.1.A.8.E.F.F.F.C.9.3.7.2.B.0.0.9.9.B.7.9.3.2.2.F.E.2.C.D.F.ip6.arpa NSEC, cache flush 1.6.9.1.A.8.E.F.F.F.C.9.3.7.2.B.0.0.0.0.0.0.0.0.0.0.0.0.0.8.E.F.ip6.arpa NSEC, cache flush 3.A.8.2.B.C.6.D.D.8.0.D.C.7.9.0.0.0.9.9.B.7.9.3.2.2.F.E.2.C.D.F.ip6.arpa NSEC, cache flush Android-2.local"""
"89,""14.410263"",""fe80::b273:9cff:fe8a:1961"",""ff02::fb"",""MDNS"",""525"",""Standard query response 0x0000 PTR, cache flush Android-2.local PTR, cache flush Android-2.local PTR, cache flush Android-2.local PTR, cache flush Android-2.local A, cache flush 192.168.8.114 AAAA, cache flush fdc2:ef22:397b:9900:b273:9cff:fe8a:1961 AAAA, cache flush fe80::b273:9cff:fe8a:1961 AAAA, cache flush fdc2:ef22:397b:9900:97c:d08d:d6cb:28a3 NSEC, cache flush 114.8.168.192.in-addr.arpa NSEC, cache flush 1.6.9.1.A.8.E.F.F.F.C.9.3.7.2.B.0.0.9.9.B.7.9.3.2.2.F.E.2.C.D.F.ip6.arpa NSEC, cache flush 1.6.9.1.A.8.E.F.F.F.C.9.3.7.2.B.0.0.0.0.0.0.0.0.0.0.0.0.0.8.E.F.ip6.arpa NSEC, cache flush 3.A.8.2.B.C.6.D.D.8.0.D.C.7.9.0.0.0.9.9.B.7.9.3.2.2.F.E.2.C.D.F.ip6.arpa NSEC, cache flush Android-2.local"""
"90,""14.558981"",""HuaweiDe_56:76:d6"",""Spanning-tree-(for-bridges)_00"",""STP"",""60"",""Conf. Root = 36864/0/00:94:ec:56:76:d6  Cost = 0  Port = 0x8003"""
"91,""15.021907"",""192.168.8.104"",""255.255.255.255"",""UDP"",""214"",""61842  >  6667 Len=172"""
"92,""16.558980"",""HuaweiDe_56:76:d6"",""Spanning-tree-(for-bridges)_00"",""STP"",""60"",""Conf. Root = 36864/0/00:94:ec:56:76:d6  Cost = 0  Port = 0x8003"""
"93,""17.343756"",""192.168.8.116"",""255.255.255.255"",""UDP"",""214"",""49153  >  6667 Len=172"""
"94,""17.535465"",""13.107.42.12"",""192.168.8.186"",""TCP"",""60"",""443  >  62452 [RST, ACK] Seq=1 Ack=1 Win=0 Len=0"""
"95,""17.819318"",""13.107.237.254"",""192.168.8.186"",""TLSv1.2"",""100"",""Application Data"""
"96,""17.819351"",""192.168.8.186"",""13.107.237.254"",""TCP"",""54"",""62443  >  443 [ACK] Seq=1 Ack=47 Win=1021 Len=0"""
"97,""17.819560"",""13.107.237.254"",""192.168.8.186"",""TLSv1.2"",""85"",""Encrypted Alert"""
"98,""17.819564"",""192.168.8.186"",""13.107.237.254"",""TCP"",""54"",""62443  >  443 [ACK] Seq=1 Ack=78 Win=1021 Len=0"""
"99,""17.820068"",""13.107.237.254"",""192.168.8.186"",""TCP"",""60"",""443  >  62443 [FIN, ACK] Seq=78 Ack=1 Win=502 Len=0"""
"100,""17.820075"",""192.168.8.186"",""13.107.237.254"",""TCP"",""54"",""62443  >  443 [ACK] Seq=1 Ack=79 Win=1021 Len=0"""
"101,""17.920803"",""c2:ef:22:39:7b:99"",""ASUSTekC_22:ee:8d"",""ARP"",""60"",""Who has 192.168.8.186? Tell 192.168.8.1"""
"102,""17.920811"",""ASUSTekC_22:ee:8d"",""c2:ef:22:39:7b:99"",""ARP"",""42"",""192.168.8.186 is at 3c:7c:3f:22:ee:8d"""
"103,""18.064898"",""142.251.209.42"",""192.168.8.186"",""TLSv1.2"",""180"",""Application Data"""
"104,""18.118244"",""192.168.8.186"",""142.251.209.42"",""TCP"",""54"",""62462  >  443 [ACK] Seq=1 Ack=127 Win=1022 Len=0"""
"105,""18.399395"",""192.168.8.114"",""224.0.0.251"",""MDNS"",""505"",""Standard query response 0x0000 PTR, cache flush Android-2.local PTR, cache flush Android-2.local PTR, cache flush Android-2.local PTR, cache flush Android-2.local A, cache flush 192.168.8.114 AAAA, cache flush fdc2:ef22:397b:9900:b273:9cff:fe8a:1961 AAAA, cache flush fe80::b273:9cff:fe8a:1961 AAAA, cache flush fdc2:ef22:397b:9900:97c:d08d:d6cb:28a3 NSEC, cache flush 114.8.168.192.in-addr.arpa NSEC, cache flush 1.6.9.1.A.8.E.F.F.F.C.9.3.7.2.B.0.0.9.9.B.7.9.3.2.2.F.E.2.C.D.F.ip6.arpa NSEC, cache flush 1.6.9.1.A.8.E.F.F.F.C.9.3.7.2.B.0.0.0.0.0.0.0.0.0.0.0.0.0.8.E.F.ip6.arpa NSEC, cache flush 3.A.8.2.B.C.6.D.D.8.0.D.C.7.9.0.0.0.9.9.B.7.9.3.2.2.F.E.2.C.D.F.ip6.arpa NSEC, cache flush Android-2.local"""
"106,""18.400361"",""fe80::b273:9cff:fe8a:1961"",""ff02::fb"",""MDNS"",""525"",""Standard query response 0x0000 PTR, cache flush Android-2.local PTR, cache flush Android-2.local PTR, cache flush Android-2.local PTR, cache flush Android-2.local A, cache flush 192.168.8.114 AAAA, cache flush fdc2:ef22:397b:9900:b273:9cff:fe8a:1961 AAAA, cache flush fe80::b273:9cff:fe8a:1961 AAAA, cache flush fdc2:ef22:397b:9900:97c:d08d:d6cb:28a3 NSEC, cache flush 114.8.168.192.in-addr.arpa NSEC, cache flush 1.6.9.1.A.8.E.F.F.F.C.9.3.7.2.B.0.0.9.9.B.7.9.3.2.2.F.E.2.C.D.F.ip6.arpa NSEC, cache flush 1.6.9.1.A.8.E.F.F.F.C.9.3.7.2.B.0.0.0.0.0.0.0.0.0.0.0.0.0.8.E.F.ip6.arpa NSEC, cache flush 3.A.8.2.B.C.6.D.D.8.0.D.C.7.9.0.0.0.9.9.B.7.9.3.2.2.F.E.2.C.D.F.ip6.arpa NSEC, cache flush Android-2.local"""
"107,""18.558949"",""HuaweiDe_56:76:d6"",""Spanning-tree-(for-bridges)_00"",""STP"",""60"",""Conf. Root = 36864/0/00:94:ec:56:76:d6  Cost = 0  Port = 0x8003"""
"108,""18.870751"",""192.168.8.186"",""192.168.8.155"",""TCP"",""164"",""61704  >  8009 [PSH, ACK] Seq=331 Ack=331 Win=1024 Len=110 [TCP segment of a reassembled PDU]"""
"109,""18.886332"",""192.168.8.186"",""192.168.8.155"",""TCP"",""164"",""61703  >  8009 [PSH, ACK] Seq=331 Ack=331 Win=1024 Len=110 [TCP segment of a reassembled PDU]"""
"110,""18.899945"",""192.168.8.155"",""192.168.8.186"",""TCP"",""60"",""8009  >  61704 [ACK] Seq=331 Ack=441 Win=4095 Len=0"""
"111,""18.900150"",""192.168.8.155"",""192.168.8.186"",""TCP"",""164"",""8009  >  61704 [PSH, ACK] Seq=331 Ack=441 Win=4096 Len=110 [TCP segment of a reassembled PDU]"""
"112,""18.900874"",""192.168.8.155"",""192.168.8.186"",""TCP"",""60"",""8009  >  61703 [ACK] Seq=331 Ack=441 Win=4095 Len=0"""
"113,""18.901063"",""192.168.8.155"",""192.168.8.186"",""TCP"",""164"",""8009  >  61703 [PSH, ACK] Seq=331 Ack=441 Win=4096 Len=110 [TCP segment of a reassembled PDU]"""
"114,""18.949638"",""192.168.8.186"",""192.168.8.155"",""TCP"",""54"",""61704  >  8009 [ACK] Seq=441 Ack=441 Win=1024 Len=0"""
"115,""18.949643"",""192.168.8.186"",""192.168.8.155"",""TCP"",""54"",""61703  >  8009 [ACK] Seq=441 Ack=441 Win=1024 Len=0"""
"116,""20.012127"",""192.168.8.104"",""255.255.255.255"",""UDP"",""214"",""61842  >  6667 Len=172"""
"117,""20.123120"",""fe80::b273:9cff:fe8a:1961"",""ff02::16"",""ICMPv6"",""90"",""Multicast Listener Report Message v2"""
"118,""20.528128"",""fe80::b273:9cff:fe8a:1961"",""ff02::16"",""ICMPv6"",""90"",""Multicast Listener Report Message v2"""
"119,""20.558931"",""HuaweiDe_56:76:d6"",""Spanning-tree-(for-bridges)_00"",""STP"",""60"",""Conf. Root = 36864/0/00:94:ec:56:76:d6  Cost = 0  Port = 0x8003"""
"120,""20.611218"",""192.168.8.114"",""224.0.0.251"",""MDNS"",""193"",""Standard query 0x0000 ANY Android-2.local, """"QM"""" question ANY Android-2.local, """"QM"""" question ANY Android-2.local, """"QM"""" question ANY Android-2.local, """"QM"""" question A 192.168.8.114 AAAA fdc2:ef22:397b:9900:b273:9cff:fe8a:1961 AAAA fe80::b273:9cff:fe8a:1961 AAAA fdc2:ef22:397b:9900:97c:d08d:d6cb:28a3"""
"121,""20.611717"",""fe80::b273:9cff:fe8a:1961"",""ff02::fb"",""MDNS"",""213"",""Standard query 0x0000 ANY Android-2.local, """"QM"""" question ANY Android-2.local, """"QM"""" question ANY Android-2.local, """"QM"""" question ANY Android-2.local, """"QM"""" question A 192.168.8.114 AAAA fdc2:ef22:397b:9900:b273:9cff:fe8a:1961 AAAA fe80::b273:9cff:fe8a:1961 AAAA fdc2:ef22:397b:9900:97c:d08d:d6cb:28a3"""
"122,""20.909120"",""192.168.8.114"",""224.0.0.251"",""MDNS"",""193"",""Standard query 0x0000 ANY Android-2.local, """"QM"""" question ANY Android-2.local, """"QM"""" question ANY Android-2.local, """"QM"""" question ANY Android-2.local, """"QM"""" question A 192.168.8.114 AAAA fdc2:ef22:397b:9900:b273:9cff:fe8a:1961 AAAA fe80::b273:9cff:fe8a:1961 AAAA fdc2:ef22:397b:9900:97c:d08d:d6cb:28a3"""
"123,""20.909841"",""fe80::b273:9cff:fe8a:1961"",""ff02::fb"",""MDNS"",""213"",""Standard query 0x0000 ANY Android-2.local, """"QM"""" question ANY Android-2.local, """"QM"""" question ANY Android-2.local, """"QM"""" question ANY Android-2.local, """"QM"""" question A 192.168.8.114 AAAA fdc2:ef22:397b:9900:b273:9cff:fe8a:1961 AAAA fe80::b273:9cff:fe8a:1961 AAAA fdc2:ef22:397b:9900:97c:d08d:d6cb:28a3"""
"124,""21.106361"",""192.168.8.114"",""224.0.0.251"",""MDNS"",""193"",""Standard query 0x0000 ANY Android-2.local, """"QM"""" question ANY Android-2.local, """"QM"""" question ANY Android-2.local, """"QM"""" question ANY Android-2.local, """"QM"""" question A 192.168.8.114 AAAA fdc2:ef22:397b:9900:b273:9cff:fe8a:1961 AAAA fe80::b273:9cff:fe8a:1961 AAAA fdc2:ef22:397b:9900:97c:d08d:d6cb:28a3"""
"125,""21.106837"",""fe80::b273:9cff:fe8a:1961"",""ff02::fb"",""MDNS"",""213"",""Standard query 0x0000 ANY Android-2.local, """"QM"""" question ANY Android-2.local, """"QM"""" question ANY Android-2.local, """"QM"""" question ANY Android-2.local, """"QM"""" question A 192.168.8.114 AAAA fdc2:ef22:397b:9900:b273:9cff:fe8a:1961 AAAA fe80::b273:9cff:fe8a:1961 AAAA fdc2:ef22:397b:9900:97c:d08d:d6cb:28a3"""
"126,""21.400982"",""192.168.8.114"",""224.0.0.251"",""MDNS"",""505"",""Standard query response 0x0000 PTR, cache flush Android-2.local PTR, cache flush Android-2.local PTR, cache flush Android-2.local PTR, cache flush Android-2.local A, cache flush 192.168.8.114 AAAA, cache flush fdc2:ef22:397b:9900:b273:9cff:fe8a:1961 AAAA, cache flush fe80::b273:9cff:fe8a:1961 AAAA, cache flush fdc2:ef22:397b:9900:97c:d08d:d6cb:28a3 NSEC, cache flush 114.8.168.192.in-addr.arpa NSEC, cache flush 1.6.9.1.A.8.E.F.F.F.C.9.3.7.2.B.0.0.9.9.B.7.9.3.2.2.F.E.2.C.D.F.ip6.arpa NSEC, cache flush 1.6.9.1.A.8.E.F.F.F.C.9.3.7.2.B.0.0.0.0.0.0.0.0.0.0.0.0.0.8.E.F.ip6.arpa NSEC, cache flush 3.A.8.2.B.C.6.D.D.8.0.D.C.7.9.0.0.0.9.9.B.7.9.3.2.2.F.E.2.C.D.F.ip6.arpa NSEC, cache flush Android-2.local"""
"127,""21.401836"",""fe80::b273:9cff:fe8a:1961"",""ff02::fb"",""MDNS"",""525"",""Standard query response 0x0000 PTR, cache flush Android-2.local PTR, cache flush Android-2.local PTR, cache flush Android-2.local PTR, cache flush Android-2.local A, cache flush 192.168.8.114 AAAA, cache flush fdc2:ef22:397b:9900:b273:9cff:fe8a:1961 AAAA, cache flush fe80::b273:9cff:fe8a:1961 AAAA, cache flush fdc2:ef22:397b:9900:97c:d08d:d6cb:28a3 NSEC, cache flush 114.8.168.192.in-addr.arpa NSEC, cache flush 1.6.9.1.A.8.E.F.F.F.C.9.3.7.2.B.0.0.9.9.B.7.9.3.2.2.F.E.2.C.D.F.ip6.arpa NSEC, cache flush 1.6.9.1.A.8.E.F.F.F.C.9.3.7.2.B.0.0.0.0.0.0.0.0.0.0.0.0.0.8.E.F.ip6.arpa NSEC, cache flush 3.A.8.2.B.C.6.D.D.8.0.D.C.7.9.0.0.0.9.9.B.7.9.3.2.2.F.E.2.C.D.F.ip6.arpa NSEC, cache flush Android-2.local"""
"128,""21.783536"",""192.168.8.186"",""104.43.200.36"",""TLSv1.2"",""254"",""Application Data"""
"129,""22.160784"",""192.168.8.186"",""104.43.200.36"",""TCP"",""1394"",""62362  >  443 [ACK] Seq=201 Ack=1 Win=1021 Len=1340 [TCP segment of a reassembled PDU]"""
"130,""22.160784"",""192.168.8.186"",""104.43.200.36"",""TLSv1.2"",""1257"",""Application Data"""
"131,""22.346103"",""192.168.8.116"",""255.255.255.255"",""UDP"",""214"",""49153  >  6667 Len=172"""
"132,""22.351779"",""104.43.200.36"",""192.168.8.186"",""TLSv1.2"",""108"",""Application Data"""
"133,""22.399072"",""192.168.8.186"",""104.43.200.36"",""TCP"",""54"",""62362  >  443 [ACK] Seq=2744 Ack=55 Win=1021 Len=0"""
"134,""22.512347"",""192.168.8.114"",""224.0.0.251"",""MDNS"",""505"",""Standard query response 0x0000 PTR, cache flush Android-2.local PTR, cache flush Android-2.local PTR, cache flush Android-2.local PTR, cache flush Android-2.local A, cache flush 192.168.8.114 AAAA, cache flush fdc2:ef22:397b:9900:b273:9cff:fe8a:1961 AAAA, cache flush fe80::b273:9cff:fe8a:1961 AAAA, cache flush fdc2:ef22:397b:9900:97c:d08d:d6cb:28a3 NSEC, cache flush 114.8.168.192.in-addr.arpa NSEC, cache flush 1.6.9.1.A.8.E.F.F.F.C.9.3.7.2.B.0.0.9.9.B.7.9.3.2.2.F.E.2.C.D.F.ip6.arpa NSEC, cache flush 1.6.9.1.A.8.E.F.F.F.C.9.3.7.2.B.0.0.0.0.0.0.0.0.0.0.0.0.0.8.E.F.ip6.arpa NSEC, cache flush 3.A.8.2.B.C.6.D.D.8.0.D.C.7.9.0.0.0.9.9.B.7.9.3.2.2.F.E.2.C.D.F.ip6.arpa NSEC, cache flush Android-2.local"""
"135,""22.513582"",""fe80::b273:9cff:fe8a:1961"",""ff02::fb"",""MDNS"",""525"",""Standard query response 0x0000 PTR, cache flush Android-2.local PTR, cache flush Android-2.local PTR, cache flush Android-2.local PTR, cache flush Android-2.local A, cache flush 192.168.8.114 AAAA, cache flush fdc2:ef22:397b:9900:b273:9cff:fe8a:1961 AAAA, cache flush fe80::b273:9cff:fe8a:1961 AAAA, cache flush fdc2:ef22:397b:9900:97c:d08d:d6cb:28a3 NSEC, cache flush 114.8.168.192.in-addr.arpa NSEC, cache flush 1.6.9.1.A.8.E.F.F.F.C.9.3.7.2.B.0.0.9.9.B.7.9.3.2.2.F.E.2.C.D.F.ip6.arpa NSEC, cache flush 1.6.9.1.A.8.E.F.F.F.C.9.3.7.2.B.0.0.0.0.0.0.0.0.0.0.0.0.0.8.E.F.ip6.arpa NSEC, cache flush 3.A.8.2.B.C.6.D.D.8.0.D.C.7.9.0.0.0.9.9.B.7.9.3.2.2.F.E.2.C.D.F.ip6.arpa NSEC, cache flush Android-2.local"""
"136,""22.558922"",""HuaweiDe_56:76:d6"",""Spanning-tree-(for-bridges)_00"",""STP"",""60"",""Conf. Root = 36864/0/00:94:ec:56:76:d6  Cost = 0  Port = 0x8003"""
"137,""22.792042"",""104.43.200.36"",""192.168.8.186"",""TCP"",""60"",""443  >  62362 [ACK] Seq=55 Ack=2744 Win=2051 Len=0"""
"138,""22.876539"",""104.43.200.36"",""192.168.8.186"",""TLSv1.2"",""349"",""Application Data"""
"139,""22.888298"",""13.107.42.12"",""192.168.8.186"",""TCP"",""60"",""443  >  62449 [RST, ACK] Seq=1 Ack=1 Win=0 Len=0"""
"140,""22.918133"",""192.168.8.186"",""104.43.200.36"",""TCP"",""54"",""62362  >  443 [ACK] Seq=2744 Ack=350 Win=1025 Len=0"""
"141,""23.160571"",""13.107.42.12"",""192.168.8.186"",""TCP"",""60"",""443  >  62451 [RST, ACK] Seq=1 Ack=1 Win=0 Len=0"""
"142,""23.465993"",""192.168.8.155"",""255.255.255.255"",""UDP"",""82"",""9487  >  9478 Len=40"""
"143,""23.918648"",""192.168.8.186"",""192.168.8.155"",""TCP"",""164"",""61704  >  8009 [PSH, ACK] Seq=441 Ack=441 Win=1024 Len=110 [TCP segment of a reassembled PDU]"""
"144,""23.918647"",""192.168.8.186"",""192.168.8.155"",""TCP"",""164"",""61703  >  8009 [PSH, ACK] Seq=441 Ack=441 Win=1024 Len=110 [TCP segment of a reassembled PDU]"""
"145,""23.922939"",""192.168.8.155"",""192.168.8.186"",""TCP"",""60"",""8009  >  61703 [ACK] Seq=441 Ack=551 Win=4095 Len=0"""
"146,""23.923154"",""192.168.8.155"",""192.168.8.186"",""TCP"",""60"",""8009  >  61704 [ACK] Seq=441 Ack=551 Win=4095 Len=0"""
"147,""23.923344"",""192.168.8.155"",""192.168.8.186"",""TCP"",""164"",""8009  >  61703 [PSH, ACK] Seq=441 Ack=551 Win=4096 Len=110 [TCP segment of a reassembled PDU]"""
"148,""23.923344"",""192.168.8.155"",""192.168.8.186"",""TCP"",""164"",""8009  >  61704 [PSH, ACK] Seq=441 Ack=551 Win=4096 Len=110 [TCP segment of a reassembled PDU]"""
"149,""23.966279"",""192.168.8.186"",""192.168.8.155"",""TCP"",""54"",""61703  >  8009 [ACK] Seq=551 Ack=551 Win=1023 Len=0"""
"150,""23.966283"",""192.168.8.186"",""192.168.8.155"",""TCP"",""54"",""61704  >  8009 [ACK] Seq=551 Ack=551 Win=1023 Len=0"""
"151,""24.367352"",""192.168.8.114"",""224.0.0.251"",""MDNS"",""505"",""Standard query response 0x0000 PTR, cache flush Android-2.local PTR, cache flush Android-2.local PTR, cache flush Android-2.local PTR, cache flush Android-2.local A, cache flush 192.168.8.114 AAAA, cache flush fdc2:ef22:397b:9900:b273:9cff:fe8a:1961 AAAA, cache flush fe80::b273:9cff:fe8a:1961 AAAA, cache flush fdc2:ef22:397b:9900:97c:d08d:d6cb:28a3 NSEC, cache flush 114.8.168.192.in-addr.arpa NSEC, cache flush 1.6.9.1.A.8.E.F.F.F.C.9.3.7.2.B.0.0.9.9.B.7.9.3.2.2.F.E.2.C.D.F.ip6.arpa NSEC, cache flush 1.6.9.1.A.8.E.F.F.F.C.9.3.7.2.B.0.0.0.0.0.0.0.0.0.0.0.0.0.8.E.F.ip6.arpa NSEC, cache flush 3.A.8.2.B.C.6.D.D.8.0.D.C.7.9.0.0.0.9.9.B.7.9.3.2.2.F.E.2.C.D.F.ip6.arpa NSEC, cache flush Android-2.local"""
"152,""24.368326"",""fe80::b273:9cff:fe8a:1961"",""ff02::fb"",""MDNS"",""525"",""Standard query response 0x0000 PTR, cache flush Android-2.local PTR, cache flush Android-2.local PTR, cache flush Android-2.local PTR, cache flush Android-2.local A, cache flush 192.168.8.114 AAAA, cache flush fdc2:ef22:397b:9900:b273:9cff:fe8a:1961 AAAA, cache flush fe80::b273:9cff:fe8a:1961 AAAA, cache flush fdc2:ef22:397b:9900:97c:d08d:d6cb:28a3 NSEC, cache flush 114.8.168.192.in-addr.arpa NSEC, cache flush 1.6.9.1.A.8.E.F.F.F.C.9.3.7.2.B.0.0.9.9.B.7.9.3.2.2.F.E.2.C.D.F.ip6.arpa NSEC, cache flush 1.6.9.1.A.8.E.F.F.F.C.9.3.7.2.B.0.0.0.0.0.0.0.0.0.0.0.0.0.8.E.F.ip6.arpa NSEC, cache flush 3.A.8.2.B.C.6.D.D.8.0.D.C.7.9.0.0.0.9.9.B.7.9.3.2.2.F.E.2.C.D.F.ip6.arpa NSEC, cache flush Android-2.local"""
"153,""24.507360"",""192.168.8.186"",""20.54.36.229"",""TLSv1.2"",""97"",""Application Data"""
"154,""24.558915"",""HuaweiDe_56:76:d6"",""Spanning-tree-(for-bridges)_00"",""STP"",""60"",""Conf. Root = 36864/0/00:94:ec:56:76:d6  Cost = 0  Port = 0x8003"""
"155,""25.013961"",""192.168.8.104"",""255.255.255.255"",""UDP"",""214"",""61842  >  6667 Len=172"""
"156,""25.092894"",""20.54.36.229"",""192.168.8.186"",""TLSv1.2"",""228"",""Application Data"""
"157,""25.135395"",""192.168.8.186"",""20.54.36.229"",""TCP"",""54"",""61688  >  443 [ACK] Seq=44 Ack=175 Win=1024 Len=0"""
"158,""26.558926"",""HuaweiDe_56:76:d6"",""Spanning-tree-(for-bridges)_00"",""STP"",""60"",""Conf. Root = 36864/0/00:94:ec:56:76:d6  Cost = 0  Port = 0x8003"""
"159,""27.348858"",""192.168.8.116"",""255.255.255.255"",""UDP"",""214"",""49153  >  6667 Len=172"""
"160,""28.410208"",""192.168.8.114"",""224.0.0.251"",""MDNS"",""505"",""Standard query response 0x0000 PTR, cache flush Android-2.local PTR, cache flush Android-2.local PTR, cache flush Android-2.local PTR, cache flush Android-2.local A, cache flush 192.168.8.114 AAAA, cache flush fdc2:ef22:397b:9900:b273:9cff:fe8a:1961 AAAA, cache flush fe80::b273:9cff:fe8a:1961 AAAA, cache flush fdc2:ef22:397b:9900:97c:d08d:d6cb:28a3 NSEC, cache flush 114.8.168.192.in-addr.arpa NSEC, cache flush 1.6.9.1.A.8.E.F.F.F.C.9.3.7.2.B.0.0.9.9.B.7.9.3.2.2.F.E.2.C.D.F.ip6.arpa NSEC, cache flush 1.6.9.1.A.8.E.F.F.F.C.9.3.7.2.B.0.0.0.0.0.0.0.0.0.0.0.0.0.8.E.F.ip6.arpa NSEC, cache flush 3.A.8.2.B.C.6.D.D.8.0.D.C.7.9.0.0.0.9.9.B.7.9.3.2.2.F.E.2.C.D.F.ip6.arpa NSEC, cache flush Android-2.local"""
"161,""28.411181"",""fe80::b273:9cff:fe8a:1961"",""ff02::fb"",""MDNS"",""525"",""Standard query response 0x0000 PTR, cache flush Android-2.local PTR, cache flush Android-2.local PTR, cache flush Android-2.local PTR, cache flush Android-2.local A, cache flush 192.168.8.114 AAAA, cache flush fdc2:ef22:397b:9900:b273:9cff:fe8a:1961 AAAA, cache flush fe80::b273:9cff:fe8a:1961 AAAA, cache flush fdc2:ef22:397b:9900:97c:d08d:d6cb:28a3 NSEC, cache flush 114.8.168.192.in-addr.arpa NSEC, cache flush 1.6.9.1.A.8.E.F.F.F.C.9.3.7.2.B.0.0.9.9.B.7.9.3.2.2.F.E.2.C.D.F.ip6.arpa NSEC, cache flush 1.6.9.1.A.8.E.F.F.F.C.9.3.7.2.B.0.0.0.0.0.0.0.0.0.0.0.0.0.8.E.F.ip6.arpa NSEC, cache flush 3.A.8.2.B.C.6.D.D.8.0.D.C.7.9.0.0.0.9.9.B.7.9.3.2.2.F.E.2.C.D.F.ip6.arpa NSEC, cache flush Android-2.local"""
"162,""28.476562"",""192.168.8.155"",""255.255.255.255"",""TPLINK-SMARTHOME/JSON"",""71"",""UDP Cmd: {""""system"""":{""""get_sysinfo"""":{}}}"""
"163,""28.558875"",""HuaweiDe_56:76:d6"",""Spanning-tree-(for-bridges)_00"",""STP"",""60"",""Conf. Root = 36864/0/00:94:ec:56:76:d6  Cost = 0  Port = 0x8003"""
"164,""28.946204"",""192.168.8.186"",""192.168.8.155"",""TCP"",""164"",""61704  >  8009 [PSH, ACK] Seq=551 Ack=551 Win=1023 Len=110 [TCP segment of a reassembled PDU]"""
"165,""28.946203"",""192.168.8.186"",""192.168.8.155"",""TCP"",""164"",""61703  >  8009 [PSH, ACK] Seq=551 Ack=551 Win=1023 Len=110 [TCP segment of a reassembled PDU]"""
"166,""28.949809"",""192.168.8.155"",""192.168.8.186"",""TCP"",""60"",""8009  >  61704 [ACK] Seq=551 Ack=661 Win=4095 Len=0"""
"167,""28.950020"",""192.168.8.155"",""192.168.8.186"",""TCP"",""60"",""8009  >  61703 [ACK] Seq=551 Ack=661 Win=4095 Len=0"""
"168,""28.950890"",""192.168.8.155"",""192.168.8.186"",""TCP"",""164"",""8009  >  61704 [PSH, ACK] Seq=551 Ack=661 Win=4096 Len=110 [TCP segment of a reassembled PDU]"""
"169,""28.951087"",""192.168.8.155"",""192.168.8.186"",""TCP"",""164"",""8009  >  61703 [PSH, ACK] Seq=551 Ack=661 Win=4096 Len=110 [TCP segment of a reassembled PDU]"""
"170,""28.993893"",""192.168.8.186"",""192.168.8.155"",""TCP"",""54"",""61704  >  8009 [ACK] Seq=661 Ack=661 Win=1023 Len=0"""
"171,""28.993896"",""192.168.8.186"",""192.168.8.155"",""TCP"",""54"",""61703  >  8009 [ACK] Seq=661 Ack=661 Win=1023 Len=0"""
"172,""30.017309"",""192.168.8.104"",""255.255.255.255"",""UDP"",""214"",""61842  >  6667 Len=172"""
"173,""30.122173"",""fe80::b273:9cff:fe8a:1961"",""ff02::16"",""ICMPv6"",""90"",""Multicast Listener Report Message v2"""
"174,""30.558884"",""HuaweiDe_56:76:d6"",""Spanning-tree-(for-bridges)_00"",""STP"",""60"",""Conf. Root = 36864/0/00:94:ec:56:76:d6  Cost = 0  Port = 0x8003"""
"175,""30.610665"",""fe80::b273:9cff:fe8a:1961"",""ff02::fb"",""MDNS"",""213"",""Standard query 0x0000 ANY Android-2.local, """"QM"""" question ANY Android-2.local, """"QM"""" question ANY Android-2.local, """"QM"""" question ANY Android-2.local, """"QM"""" question A 192.168.8.114 AAAA fdc2:ef22:397b:9900:b273:9cff:fe8a:1961 AAAA fe80::b273:9cff:fe8a:1961 AAAA fdc2:ef22:397b:9900:97c:d08d:d6cb:28a3"""
"176,""30.703290"",""fe80::b273:9cff:fe8a:1961"",""ff02::16"",""ICMPv6"",""90"",""Multicast Listener Report Message v2"""
"177,""30.913466"",""192.168.8.114"",""224.0.0.251"",""MDNS"",""193"",""Standard query 0x0000 ANY Android-2.local, """"QM"""" question ANY Android-2.local, """"QM"""" question ANY Android-2.local, """"QM"""" question ANY Android-2.local, """"QM"""" question A 192.168.8.114 AAAA fdc2:ef22:397b:9900:b273:9cff:fe8a:1961 AAAA fe80::b273:9cff:fe8a:1961 AAAA fdc2:ef22:397b:9900:97c:d08d:d6cb:28a3"""
"178,""30.913970"",""fe80::b273:9cff:fe8a:1961"",""ff02::fb"",""MDNS"",""213"",""Standard query 0x0000 ANY Android-2.local, """"QM"""" question ANY Android-2.local, """"QM"""" question ANY Android-2.local, """"QM"""" question ANY Android-2.local, """"QM"""" question A 192.168.8.114 AAAA fdc2:ef22:397b:9900:b273:9cff:fe8a:1961 AAAA fe80::b273:9cff:fe8a:1961 AAAA fdc2:ef22:397b:9900:97c:d08d:d6cb:28a3"""
"179,""31.113432"",""192.168.8.114"",""224.0.0.251"",""MDNS"",""193"",""Standard query 0x0000 ANY Android-2.local, """"QM"""" question ANY Android-2.local, """"QM"""" question ANY Android-2.local, """"QM"""" question ANY Android-2.local, """"QM"""" question A 192.168.8.114 AAAA fdc2:ef22:397b:9900:b273:9cff:fe8a:1961 AAAA fe80::b273:9cff:fe8a:1961 AAAA fdc2:ef22:397b:9900:97c:d08d:d6cb:28a3"""
"180,""31.113795"",""fe80::b273:9cff:fe8a:1961"",""ff02::fb"",""MDNS"",""213"",""Standard query 0x0000 ANY Android-2.local, """"QM"""" question ANY Android-2.local, """"QM"""" question ANY Android-2.local, """"QM"""" question ANY Android-2.local, """"QM"""" question A 192.168.8.114 AAAA fdc2:ef22:397b:9900:b273:9cff:fe8a:1961 AAAA fe80::b273:9cff:fe8a:1961 AAAA fdc2:ef22:397b:9900:97c:d08d:d6cb:28a3"""
"181,""31.411797"",""192.168.8.114"",""224.0.0.251"",""MDNS"",""505"",""Standard query response 0x0000 PTR, cache flush Android-2.local PTR, cache flush Android-2.local PTR, cache flush Android-2.local PTR, cache flush Android-2.local A, cache flush 192.168.8.114 AAAA, cache flush fdc2:ef22:397b:9900:b273:9cff:fe8a:1961 AAAA, cache flush fe80::b273:9cff:fe8a:1961 AAAA, cache flush fdc2:ef22:397b:9900:97c:d08d:d6cb:28a3 NSEC, cache flush 114.8.168.192.in-addr.arpa NSEC, cache flush 1.6.9.1.A.8.E.F.F.F.C.9.3.7.2.B.0.0.9.9.B.7.9.3.2.2.F.E.2.C.D.F.ip6.arpa NSEC, cache flush 1.6.9.1.A.8.E.F.F.F.C.9.3.7.2.B.0.0.0.0.0.0.0.0.0.0.0.0.0.8.E.F.ip6.arpa NSEC, cache flush 3.A.8.2.B.C.6.D.D.8.0.D.C.7.9.0.0.0.9.9.B.7.9.3.2.2.F.E.2.C.D.F.ip6.arpa NSEC, cache flush Android-2.local"""
"182,""31.412783"",""fe80::b273:9cff:fe8a:1961"",""ff02::fb"",""MDNS"",""525"",""Standard query response 0x0000 PTR, cache flush Android-2.local PTR, cache flush Android-2.local PTR, cache flush Android-2.local PTR, cache flush Android-2.local A, cache flush 192.168.8.114 AAAA, cache flush fdc2:ef22:397b:9900:b273:9cff:fe8a:1961 AAAA, cache flush fe80::b273:9cff:fe8a:1961 AAAA, cache flush fdc2:ef22:397b:9900:97c:d08d:d6cb:28a3 NSEC, cache flush 114.8.168.192.in-addr.arpa NSEC, cache flush 1.6.9.1.A.8.E.F.F.F.C.9.3.7.2.B.0.0.9.9.B.7.9.3.2.2.F.E.2.C.D.F.ip6.arpa NSEC, cache flush 1.6.9.1.A.8.E.F.F.F.C.9.3.7.2.B.0.0.0.0.0.0.0.0.0.0.0.0.0.8.E.F.ip6.arpa NSEC, cache flush 3.A.8.2.B.C.6.D.D.8.0.D.C.7.9.0.0.0.9.9.B.7.9.3.2.2.F.E.2.C.D.F.ip6.arpa NSEC, cache flush Android-2.local"""
"183,""32.350800"",""192.168.8.116"",""255.255.255.255"",""UDP"",""214"",""49153  >  6667 Len=172"""
"184,""32.414414"",""192.168.8.114"",""224.0.0.251"",""MDNS"",""505"",""Standard query response 0x0000 PTR, cache flush Android-2.local PTR, cache flush Android-2.local PTR, cache flush Android-2.local PTR, cache flush Android-2.local A, cache flush 192.168.8.114 AAAA, cache flush fdc2:ef22:397b:9900:b273:9cff:fe8a:1961 AAAA, cache flush fe80::b273:9cff:fe8a:1961 AAAA, cache flush fdc2:ef22:397b:9900:97c:d08d:d6cb:28a3 NSEC, cache flush 114.8.168.192.in-addr.arpa NSEC, cache flush 1.6.9.1.A.8.E.F.F.F.C.9.3.7.2.B.0.0.9.9.B.7.9.3.2.2.F.E.2.C.D.F.ip6.arpa NSEC, cache flush 1.6.9.1.A.8.E.F.F.F.C.9.3.7.2.B.0.0.0.0.0.0.0.0.0.0.0.0.0.8.E.F.ip6.arpa NSEC, cache flush 3.A.8.2.B.C.6.D.D.8.0.D.C.7.9.0.0.0.9.9.B.7.9.3.2.2.F.E.2.C.D.F.ip6.arpa NSEC, cache flush Android-2.local"""
"185,""32.415527"",""fe80::b273:9cff:fe8a:1961"",""ff02::fb"",""MDNS"",""525"",""Standard query response 0x0000 PTR, cache flush Android-2.local PTR, cache flush Android-2.local PTR, cache flush Android-2.local PTR, cache flush Android-2.local A, cache flush 192.168.8.114 AAAA, cache flush fdc2:ef22:397b:9900:b273:9cff:fe8a:1961 AAAA, cache flush fe80::b273:9cff:fe8a:1961 AAAA, cache flush fdc2:ef22:397b:9900:97c:d08d:d6cb:28a3 NSEC, cache flush 114.8.168.192.in-addr.arpa NSEC, cache flush 1.6.9.1.A.8.E.F.F.F.C.9.3.7.2.B.0.0.9.9.B.7.9.3.2.2.F.E.2.C.D.F.ip6.arpa NSEC, cache flush 1.6.9.1.A.8.E.F.F.F.C.9.3.7.2.B.0.0.0.0.0.0.0.0.0.0.0.0.0.8.E.F.ip6.arpa NSEC, cache flush 3.A.8.2.B.C.6.D.D.8.0.D.C.7.9.0.0.0.9.9.B.7.9.3.2.2.F.E.2.C.D.F.ip6.arpa NSEC, cache flush Android-2.local"""
"186,""32.558867"",""HuaweiDe_56:76:d6"",""Spanning-tree-(for-bridges)_00"",""STP"",""60"",""Conf. Root = 36864/0/00:94:ec:56:76:d6  Cost = 0  Port = 0x8003"""
"187,""33.961572"",""192.168.8.186"",""192.168.8.155"",""TCP"",""164"",""61703  >  8009 [PSH, ACK] Seq=661 Ack=661 Win=1023 Len=110 [TCP segment of a reassembled PDU]"""
"188,""33.961572"",""192.168.8.186"",""192.168.8.155"",""TCP"",""164"",""61704  >  8009 [PSH, ACK] Seq=661 Ack=661 Win=1023 Len=110 [TCP segment of a reassembled PDU]"""
"189,""33.966439"",""192.168.8.155"",""192.168.8.186"",""TCP"",""60"",""8009  >  61703 [ACK] Seq=661 Ack=771 Win=4095 Len=0"""
"190,""33.966648"",""192.168.8.155"",""192.168.8.186"",""TCP"",""60"",""8009  >  61704 [ACK] Seq=661 Ack=771 Win=4095 Len=0"""
"191,""33.966834"",""192.168.8.155"",""192.168.8.186"",""TCP"",""164"",""8009  >  61703 [PSH, ACK] Seq=661 Ack=771 Win=4096 Len=110 [TCP segment of a reassembled PDU]"""
"192,""33.966834"",""192.168.8.155"",""192.168.8.186"",""TCP"",""164"",""8009  >  61704 [PSH, ACK] Seq=661 Ack=771 Win=4096 Len=110 [TCP segment of a reassembled PDU]"""
"193,""34.009471"",""192.168.8.186"",""192.168.8.155"",""TCP"",""54"",""61704  >  8009 [ACK] Seq=771 Ack=771 Win=1022 Len=0"""
"194,""34.009472"",""192.168.8.186"",""192.168.8.155"",""TCP"",""54"",""61703  >  8009 [ACK] Seq=771 Ack=771 Win=1022 Len=0"""
"195,""34.414909"",""192.168.8.114"",""224.0.0.251"",""MDNS"",""505"",""Standard query response 0x0000 PTR, cache flush Android-2.local PTR, cache flush Android-2.local PTR, cache flush Android-2.local PTR, cache flush Android-2.local A, cache flush 192.168.8.114 AAAA, cache flush fdc2:ef22:397b:9900:b273:9cff:fe8a:1961 AAAA, cache flush fe80::b273:9cff:fe8a:1961 AAAA, cache flush fdc2:ef22:397b:9900:97c:d08d:d6cb:28a3 NSEC, cache flush 114.8.168.192.in-addr.arpa NSEC, cache flush 1.6.9.1.A.8.E.F.F.F.C.9.3.7.2.B.0.0.9.9.B.7.9.3.2.2.F.E.2.C.D.F.ip6.arpa NSEC, cache flush 1.6.9.1.A.8.E.F.F.F.C.9.3.7.2.B.0.0.0.0.0.0.0.0.0.0.0.0.0.8.E.F.ip6.arpa NSEC, cache flush 3.A.8.2.B.C.6.D.D.8.0.D.C.7.9.0.0.0.9.9.B.7.9.3.2.2.F.E.2.C.D.F.ip6.arpa NSEC, cache flush Android-2.local"""
"196,""34.416020"",""fe80::b273:9cff:fe8a:1961"",""ff02::fb"",""MDNS"",""525"",""Standard query response 0x0000 PTR, cache flush Android-2.local PTR, cache flush Android-2.local PTR, cache flush Android-2.local PTR, cache flush Android-2.local A, cache flush 192.168.8.114 AAAA, cache flush fdc2:ef22:397b:9900:b273:9cff:fe8a:1961 AAAA, cache flush fe80::b273:9cff:fe8a:1961 AAAA, cache flush fdc2:ef22:397b:9900:97c:d08d:d6cb:28a3 NSEC, cache flush 114.8.168.192.in-addr.arpa NSEC, cache flush 1.6.9.1.A.8.E.F.F.F.C.9.3.7.2.B.0.0.9.9.B.7.9.3.2.2.F.E.2.C.D.F.ip6.arpa NSEC, cache flush 1.6.9.1.A.8.E.F.F.F.C.9.3.7.2.B.0.0.0.0.0.0.0.0.0.0.0.0.0.8.E.F.ip6.arpa NSEC, cache flush 3.A.8.2.B.C.6.D.D.8.0.D.C.7.9.0.0.0.9.9.B.7.9.3.2.2.F.E.2.C.D.F.ip6.arpa NSEC, cache flush Android-2.local"""
"197,""34.558933"",""HuaweiDe_56:76:d6"",""Spanning-tree-(for-bridges)_00"",""STP"",""60"",""Conf. Root = 36864/0/00:94:ec:56:76:d6  Cost = 0  Port = 0x8003"""
"198,""35.017913"",""192.168.8.104"",""255.255.255.255"",""UDP"",""214"",""61842  >  6667 Len=172"""
"199,""35.017913"",""192.168.8.104"",""255.255.255.255"",""UDP"",""214"",""61842  >  6667 Len=172"""
